{"@context":{"@language":"en","@vocab":"https://schema.org/","citeAs":"cr:citeAs","column":"cr:column","conformsTo":"dct:conformsTo","cr":"http://mlcommons.org/croissant/","data":{"@id":"cr:data","@type":"@json"},"dataBiases":"cr:dataBiases","dataCollection":"cr:dataCollection","dataType":{"@id":"cr:dataType","@type":"@vocab"},"dct":"http://purl.org/dc/terms/","extract":"cr:extract","field":"cr:field","fileProperty":"cr:fileProperty","fileObject":"cr:fileObject","fileSet":"cr:fileSet","format":"cr:format","includes":"cr:includes","isEnumeration":"cr:isEnumeration","isLiveDataset":"cr:isLiveDataset","jsonPath":"cr:jsonPath","key":"cr:key","md5":"cr:md5","parentField":"cr:parentField","path":"cr:path","personalSensitiveInformation":"cr:personalSensitiveInformation","recordSet":"cr:recordSet","references":"cr:references","regex":"cr:regex","repeated":"cr:repeated","replace":"cr:replace","sc":"https://schema.org/","separator":"cr:separator","source":"cr:source","subField":"cr:subField","transform":"cr:transform","wd":"https://www.wikidata.org/wiki/"},"alternateName":"15,150 Tracks From 3083 Artists Spanning 1923-2023","conformsTo":"http://mlcommons.org/croissant/1.0","license":{"@type":"sc:CreativeWork","name":"MIT","url":"https://www.mit.edu/~amini/LICENSE.md"},"distribution":[{"contentUrl":"https://www.kaggle.com/api/v1/datasets/download/thebumpkin/10400-classic-hits-10-genres-1923-to-2023?datasetVersionNumber=4","contentSize":"677.039 KB","md5":"UmbtLkBSFJJu1D2BKkv2Ew==","encodingFormat":"application/zip","@id":"archive.zip","@type":"cr:FileObject","name":"archive.zip","description":"Archive containing all the contents of the 15,000 Music Tracks - 19 Genres (w/ Spotify Data) dataset"},{"contentUrl":"ClassicHit.csv","containedIn":{"@id":"archive.zip"},"encodingFormat":"text/csv","@id":"ClassicHit.csv_fileobject","@type":"cr:FileObject","name":"ClassicHit.csv","description":"Standard CSV File"}],"recordSet":[{"field":[{"dataType":["sc:Text"],"source":{"fileObject":{"@id":"ClassicHit.csv_fileobject"},"extract":{"column":"Track"}},"@id":"ClassicHit.csv/Track","@type":"cr:Field","name":"Track","description":"The title of the song."},{"dataType":["sc:Text"],"source":{"fileObject":{"@id":"ClassicHit.csv_fileobject"},"extract":{"column":"Artist"}},"@id":"ClassicHit.csv/Artist","@type":"cr:Field","name":"Artist","description":"The name of the performing artist or band."},{"dataType":["sc:Integer"],"source":{"fileObject":{"@id":"ClassicHit.csv_fileobject"},"extract":{"column":"Year"}},"@id":"ClassicHit.csv/Year","@type":"cr:Field","name":"Year","description":"The year the track was released."},{"dataType":["sc:Integer"],"source":{"fileObject":{"@id":"ClassicHit.csv_fileobject"},"extract":{"column":"Duration"}},"@id":"ClassicHit.csv/Duration","@type":"cr:Field","name":"Duration","description":"Length of the track in milliseconds."},{"dataType":["sc:Integer"],"source":{"fileObject":{"@id":"ClassicHit.csv_fileobject"},"extract":{"column":"Time_Signature"}},"@id":"ClassicHit.csv/Time_Signature","@type":"cr:Field","name":"Time_Signature","description":"The musical time signature of the track (e.g., 4/4)."},{"dataType":["sc:Float"],"source":{"fileObject":{"@id":"ClassicHit.csv_fileobject"},"extract":{"column":"Danceability"}},"@id":"ClassicHit.csv/Danceability","@type":"cr:Field","name":"Danceability","description":"A measure of how suitable the track is for dancing, ranging from 0.0 to 1.0."},{"dataType":["sc:Float"],"source":{"fileObject":{"@id":"ClassicHit.csv_fileobject"},"extract":{"column":"Energy"}},"@id":"ClassicHit.csv/Energy","@type":"cr:Field","name":"Energy","description":"A measure of the intensity and activity of the track, ranging from 0.0 to 1.0."},{"dataType":["sc:Integer"],"source":{"fileObject":{"@id":"ClassicHit.csv_fileobject"},"extract":{"column":"Key"}},"@id":"ClassicHit.csv/Key","@type":"cr:Field","name":"Key","description":"The key of the track (e.g., 0=C)."},{"dataType":["sc:Float"],"source":{"fileObject":{"@id":"ClassicHit.csv_fileobject"},"extract":{"column":"Loudness"}},"@id":"ClassicHit.csv/Loudness","@type":"cr:Field","name":"Loudness","description":"The overall loudness of the track in decibels (dB)."},{"dataType":["sc:Integer"],"source":{"fileObject":{"@id":"ClassicHit.csv_fileobject"},"extract":{"column":"Mode"}},"@id":"ClassicHit.csv/Mode","@type":"cr:Field","name":"Mode","description":"The modality of the track, typically major (1) or minor (0)."},{"dataType":["sc:Float"],"source":{"fileObject":{"@id":"ClassicHit.csv_fileobject"},"extract":{"column":"Speechiness"}},"@id":"ClassicHit.csv/Speechiness","@type":"cr:Field","name":"Speechiness","description":"A measure indicating the presence of spoken words in the track, ranging from 0.0 to 1.0."},{"dataType":["sc:Float"],"source":{"fileObject":{"@id":"ClassicHit.csv_fileobject"},"extract":{"column":"Acousticness"}},"@id":"ClassicHit.csv/Acousticness","@type":"cr:Field","name":"Acousticness","description":"A measure of how acoustic the track is, ranging from 0.0 to 1.0."},{"dataType":["sc:Float"],"source":{"fileObject":{"@id":"ClassicHit.csv_fileobject"},"extract":{"column":"Instrumentalness"}},"@id":"ClassicHit.csv/Instrumentalness","@type":"cr:Field","name":"Instrumentalness","description":"A measure of the likelihood that the track is instrumental, ranging from 0.0 to 1.0."},{"dataType":["sc:Float"],"source":{"fileObject":{"@id":"ClassicHit.csv_fileobject"},"extract":{"column":"Liveness"}},"@id":"ClassicHit.csv/Liveness","@type":"cr:Field","name":"Liveness","description":"A measure of the presence of a live audience in the track, ranging from 0.0 to 1.0."},{"dataType":["sc:Float"],"source":{"fileObject":{"@id":"ClassicHit.csv_fileobject"},"extract":{"column":"Valence"}},"@id":"ClassicHit.csv/Valence","@type":"cr:Field","name":"Valence","description":"A measure of the musical positiveness of the track, ranging from 0.0 to 1.0."},{"dataType":["sc:Float"],"source":{"fileObject":{"@id":"ClassicHit.csv_fileobject"},"extract":{"column":"Tempo"}},"@id":"ClassicHit.csv/Tempo","@type":"cr:Field","name":"Tempo","description":"The speed of the track in beats per minute (BPM)."},{"dataType":["sc:Integer"],"source":{"fileObject":{"@id":"ClassicHit.csv_fileobject"},"extract":{"column":"Popularity"}},"@id":"ClassicHit.csv/Popularity","@type":"cr:Field","name":"Popularity","description":"A measure of the track\u0027s popularity, ranging from 0 to 100."},{"dataType":["sc:Text"],"source":{"fileObject":{"@id":"ClassicHit.csv_fileobject"},"extract":{"column":"Genre"}},"@id":"ClassicHit.csv/Genre","@type":"cr:Field","name":"Genre"}],"@id":"ClassicHit.csv","@type":"cr:RecordSet","name":"ClassicHit.csv","description":"Standard CSV File"}],"version":4,"keywords":["data type \u003E text","subject \u003E arts and entertainment","subject \u003E arts and entertainment \u003E music","audience \u003E beginner","technique \u003E data visualization"],"isAccessibleForFree":true,"includedInDataCatalog":{"@type":"sc:DataCatalog","name":"Kaggle","url":"https://www.kaggle.com"},"creator":{"@type":"sc:Person","name":"The Bumpkin","url":"/thebumpkin","image":"https://storage.googleapis.com/kaggle-avatars/thumbnails/17455133-kg.png?t=2024-07-17-09-55-11"},"publisher":{"@type":"sc:Organization","name":"Kaggle","url":"https://www.kaggle.com/organizations/kaggle","image":"https://storage.googleapis.com/kaggle-organizations/4/thumbnail.png"},"thumbnailUrl":"https://storage.googleapis.com/kaggle-datasets-images/5575029/9218967/29d53eb0ad390b3a0612a458c35a096a/dataset-card.png?t=2024-08-21-14-29-39","dateModified":"2024-08-30T18:20:48.187","datePublished":"2024-08-21T14:29:16.003","@type":"sc:Dataset","name":"15,000 Music Tracks - 19 Genres (w/ Spotify Data)","url":"https://www.kaggle.com/datasets/thebumpkin/10400-classic-hits-10-genres-1923-to-2023/versions/4","description":"The dataset is a comprehensive collection of 15,150 classic hits from 3,083 artists, spanning a century of music history from 1923 to 2023. This diverse dataset is divided into 19 distinct genres, showcasing the evolution of popular music across different eras and styles. Each track in the dataset is enriched with Spotify audio features, offering detailed insights into the acoustic properties, rhythm, tempo, and other musical characteristics. This makes the dataset not only a valuable resource for exploring trends and comparing genres but also for analyzing the sonic qualities that define classic hits across different time periods and genres."}