,Track name,artists,genre
5917,Down with the Sickness,Disturbed,metalcore
5746,War of the Gods,Amon Amarth,metalcore
5825,Cities On Flame with Rock and Roll,Blue Oyster Cult,metalcore
6572,Why Can't This Be Love,Van Halen,metalcore
6433,Monkey Business,Skid Row,metalcore
6402,Big City Nights,Scorpions,metalcore
5855,I Cum Blood,Cannibal Corpse,metalcore
6287,In Union We Stand,Overkill,metalcore
6162,Gods of War,Manowar,metalcore
6028,Born in Winter,Gojira,metalcore
6304,Bark at the Moon,Ozzy Osbourne,metalcore
5860,Scourge of Iron,Cannibal Corpse,metalcore
6145,Davidian,Machine Head,metalcore
6323,Silent Lucidity,Queensryche,metalcore
6443,Vermilion,Slipknot,metalcore
6309,Cowboys from Hell,Pantera,metalcore
5779,A Little Piece of Heaven,Avenged Sevenfold,metalcore
6108,Abigail,King Diamond,metalcore
6452,Made of Scars,Stone Sour,metalcore
6247,Killed by Death,Motörhead,metalcore
5878,Lake Bodom,Children Of Bodom,metalcore
5756,Antisocial,Anthrax,metalcore
5980,Ashes to Ashes - 2016 Remaster,Faith No More,metalcore
6226,Last Caress - C.I. Recording 1978,Misfits,metalcore
5997,Coming Down,Five Finger Death Punch,metalcore
5724,Welcome to My Nightmare,Alice Cooper,metalcore
5808,Paranoid - 2012 - Remaster,Black Sabbath,metalcore
5925,Inside the Fire,Disturbed,metalcore
6401,No One Like You,Scorpions,metalcore
5968,The Toxic Waltz,Exodus,metalcore
6016,Moon Baby,Godsmack,metalcore
5915,Egypt (The Chains Are On),Dio,metalcore
5936,Black Fire - 2010 Remastered Edition,DragonForce,metalcore
5773,Nemesis,Arch Enemy,metalcore
6234,Looks That Kill,Motley Crue,metalcore
6010,Rats,Ghost,metalcore
5955,Bodies,Drowning Pool,metalcore
6103,Take This Oath,Killswitch Engage,metalcore
5938,Fury Of The Storm,DragonForce,metalcore
6429,Wasted Time,Skid Row,metalcore
5824,Twilight of the Gods,Blind Guardian,metalcore
5791,Bartzabel,Behemoth,metalcore
5852,A Skull Full of Maggots,Cannibal Corpse,metalcore
5939,Operation Ground and Pound,DragonForce,metalcore
6480,Toxicity,System Of A Down,metalcore
5754,I Am The Law,Anthrax,metalcore
5856,The Bleeding,Cannibal Corpse,metalcore
5780,Afterlife,Avenged Sevenfold,metalcore
6166,Disposable Teens,Marilyn Manson,metalcore
6616,Rising Force,Yngwie Malmsteen,metalcore
6190,A Dangerous Meeting,Mercyful Fate,metalcore
6255,Happy?,Mudvayne,metalcore
6141,Set To Fail,Lamb of God,metalcore
5902,Animal,Def Leppard,metalcore
6471,Trip at the Brain,Suicidal Tendencies,metalcore
5912,Straight Through the Heart,Dio,metalcore
5962,37 Stitches,Drowning Pool,metalcore
5891,Highway Star,Deep Purple,metalcore
5811,Children of the Grave,Black Sabbath,metalcore
6140,Ruin,Lamb of God,metalcore
6245,Ace of Spades,Motörhead,metalcore
6254,Forget to Remember - From Saw II - Original Soundtrack,Mudvayne,metalcore
5987,Zero Signal,Fear Factory,metalcore
6581,Still Counting,Volbeat,metalcore
6022,Ocean Planet,Gojira,metalcore
6457,Plush,Stone Temple Pilots,metalcore
6344,I Surrender,Rainbow,metalcore
6497,The New Order,Testament,metalcore
6500,Souls of Black,Testament,metalcore
6031,"Knockin' On Heaven's Door - Live At The Marquee Club,London / 1987",Guns N' Roses,metalcore
5990,Resurrection,Fear Factory,metalcore
6230,Astro Zombies,Misfits,metalcore
6223,Sad But True,Metallica,metalcore
6292,Elimination,Overkill,metalcore
6078,Flight of Icarus (2015 Remaster),Iron Maiden,metalcore
6110,Welcome Home,King Diamond,metalcore
5977,Evidence - 2016 Remaster,Faith No More,metalcore
6503,More Than Meets the Eye,Testament,metalcore
6205,Clockworks,Meshuggah,metalcore
6450,sillyworld,Stone Sour,metalcore
5926,The Sound of Silence,Disturbed,metalcore
5728,No More Mr. Nice Guy - Live in Columbus,Alice Cooper,metalcore
5730,Man in the Box,Alice In Chains,metalcore
5733,Rooster (2022 Remaster),Alice In Chains,metalcore
6030,Backbone,Gojira,metalcore
6252,Determined,Mudvayne,metalcore
6111,The Family Ghost,King Diamond,metalcore
5943,Cry Thunder,DragonForce,metalcore
6018,Whatever,Godsmack,metalcore
6325,Best I Can,Queensryche,metalcore
6490,What You Give,Tesla,metalcore
5786,Chant for Ezkaton 2000 E. V.,Behemoth,metalcore
6284,In Mist She Was Standing,Opeth,metalcore
5783,Dear God,Avenged Sevenfold,metalcore
5861,Into the Crypts of Rays,Celtic Frost,metalcore
5805,Iron Man,Black Sabbath,metalcore
5889,Black Night,Deep Purple,metalcore
6476,Chop Suey!,System Of A Down,metalcore
5895,Burn - 2004 Remix,Deep Purple,metalcore
6003,Cirice,Ghost,metalcore
5812,Sweet Leaf,Black Sabbath,metalcore
6596,I'm Your Boogieman,White Zombie,metalcore
6360,Dragula,Rob Zombie,metalcore
6475,Aerials,System Of A Down,metalcore
6440,The Heretic Anthem,Slipknot,metalcore
6025,Explosia,Gojira,metalcore
5704,Weak And Powerless,A Perfect Circle,metalcore
5983,Demanufacture,Fear Factory,metalcore
5906,Pour Some Sugar On Me,Def Leppard,metalcore
6069,In Plain View,In Flames,metalcore
5795,No More Tears,Black Label Society,metalcore
6101,Always,Killswitch Engage,metalcore
6365,House Of 1000 Corpses,Rob Zombie,metalcore
6178,Show Yourself,Mastodon,metalcore
6040,You Could Be Mine,Guns N' Roses,metalcore
6043,The One You Love to Hate,Halford,metalcore
5967,Piranha,Exodus,metalcore
6544,Shoot 'Em Down,Twisted Sister,metalcore
6006,Mummy Dust,Ghost,metalcore
6482,Bounce,System Of A Down,metalcore
6483,Hypnotize,System Of A Down,metalcore
5770,Revolution Begins,Arch Enemy,metalcore
5799,Fire It Up,Black Label Society,metalcore
6372,Swedish Pagans,Sabaton,metalcore
6138,Redneck,Lamb of God,metalcore
6563,Ain't Talkin' 'Bout Love,Van Halen,metalcore
5758,Bring The Noise,Anthrax,metalcore
5876,Hate Me,Children Of Bodom,metalcore
6045,The Hellion - Live Insurrection,Halford,metalcore
5726,Feed My Frankenstein,Alice Cooper,metalcore
6609,Give Me All Your Love - 2018 Remaster,Whitesnake,metalcore
6246,Iron Fist,Motörhead,metalcore
6107,Mirror Mirror,King Diamond,metalcore
6321,I Don't Believe In Love,Queensryche,metalcore
6278,Blackwater Park,Opeth,metalcore
5933,Heaven Sent,Dokken,metalcore
5900,Rock Of Ages,Def Leppard,metalcore
6059,I Want Out - 2024 Remaster,Helloween,metalcore
6388,Christmas Eve (Sarajevo 12/24),Savatage,metalcore
6454,Absolute Zero,Stone Sour,metalcore
5823,Nightfall - Remastered 2007,Blind Guardian,metalcore
6313,Mouth for War,Pantera,metalcore
6084,Victim Of Changes,Judas Priest,metalcore
6125,Pleasure to Kill,Kreator,metalcore
6397,Lovedrive,Scorpions,metalcore
5708,The Noose,A Perfect Circle,metalcore
5834,Godzilla - Remastered,Blue Oyster Cult,metalcore
5937,Valley of the Damned - 2010 Remastered Edition,DragonForce,metalcore
6551,The Price,Twisted Sister,metalcore
5765,Prologue (Apprehension),Apocalyptica,metalcore
5763,I Don't Care - US Version,Apocalyptica,metalcore
5965,Strike of the Beast,Exodus,metalcore
6353,I Want a Woman,Ratt,metalcore
6610,Is This Love - 2018 Remaster,Whitesnake,metalcore
6046,E5150 / After All (The Dead) - Live from Radio City Music Hall,Heaven & Hell,metalcore
5832,Veteran of the Psychic Wars,Blue Oyster Cult,metalcore
5910,Rainbow in the Dark,Dio,metalcore
6115,Rock And Roll All Nite,Kiss,metalcore
5819,Valhalla,Blind Guardian,metalcore
5711,Princess of the Dawn,Accept,metalcore
6225,Where Eagles Dare,Misfits,metalcore
6094,Living Bad Dreams,Judas Priest,metalcore
6198,Future Breed Machine,Meshuggah,metalcore
6371,Ghost Division,Sabaton,metalcore
5818,Mirror Mirror - Remastered 2007,Blind Guardian,metalcore
5748,Oden Owns You All,Amon Amarth,metalcore
6206,Combustion,Meshuggah,metalcore
6403,Rock You Like A Hurricane,Scorpions,metalcore
6380,Sirens,Savatage,metalcore
6299,Crazy Train,Ozzy Osbourne,metalcore
5760,Hall of the Mountain King,Apocalyptica,metalcore
6448,Get Inside,Stone Sour,metalcore
6283,Ghost of Perdition,Opeth,metalcore
6174,Iron Tusk,Mastodon,metalcore
6431,Beggar's Day,Skid Row,metalcore
5919,Land of Confusion,Disturbed,metalcore
6488,Love Song,Tesla,metalcore
6586,Heaven Nor Hell,Volbeat,metalcore
6106,No Presents for Christmas,King Diamond,metalcore
6414,Roots Bloody Roots,Sepultura,metalcore
6070,Meet Your Maker,In Flames,metalcore
6514,Still In Love With You,Thin Lizzy,metalcore
6467,How Will I Laugh Tomorrow,Suicidal Tendencies,metalcore
6112,The Invisible Guests,King Diamond,metalcore
6261,Hair Of The Dog,Nazareth,metalcore
5888,Hush,Deep Purple,metalcore
6598,"Electric Head,Part 1 (The Agony)",White Zombie,metalcore
6334,Mama Weer All Crazee Now,Quiet Riot,metalcore
6329,Don't Wanna Let You Go,Quiet Riot,metalcore
6187,Symphony Of Destruction,Megadeth,metalcore
6286,Feel the Fire,Overkill,metalcore
6227,London Dungeon,Misfits,metalcore
6354,Slip of the Lip,Ratt,metalcore
5796,Bored to Tears,Black Label Society,metalcore
6113,Funeral,King Diamond,metalcore
5903,Armageddon It,Def Leppard,metalcore
6049,The Sign of the Southern Cross - Live from Radio City Music Hall,Heaven & Hell,metalcore
6379,Metal Crüe,Sabaton,metalcore
5737,Nutshell,Alice In Chains,metalcore
5905,Love Bites,Def Leppard,metalcore
6296,Fear His Name,Overkill,metalcore
5714,Balls to the Wall,Accept,metalcore
6566,Dance the Night Away,Van Halen,metalcore
6222,Nothing Else Matters,Metallica,metalcore
5842,Hand Of Blood,Bullet For My Valentine,metalcore
6538,Down from the Sky,Trivium,metalcore
5921,Stricken,Disturbed,metalcore
6262,Love Hurts,Nazareth,metalcore
6228,"Die,Die My Darling",Misfits,metalcore
6127,Extreme Aggression,Kreator,metalcore
5847,Scream Aim Fire,Bullet For My Valentine,metalcore
6591,Wild Child,W.A.S.P.,metalcore
6259,Beggars Day,Nazareth,metalcore
6209,Start the Fire,Metal Church,metalcore
6545,I Am (I'm Me),Twisted Sister,metalcore
5735,Would? (2022 Remaster),Alice In Chains,metalcore
6047,Falling off the Edge of the World - Live from Radio City Music Hall,Heaven & Hell,metalcore
6210,Beyond the Black,Metal Church,metalcore
6168,Coma White,Marilyn Manson,metalcore
5785,Hail to the King,Avenged Sevenfold,metalcore
6229,Teenagers From Mars,Misfits,metalcore
6518,Jailbreak,Thin Lizzy,metalcore
5934,In My Dreams,Dokken,metalcore
6351,Wanted Man,Ratt,metalcore
5816,Iron Man - 2012 - Remaster,Black Sabbath,metalcore
6179,Sultan's Curse,Mastodon,metalcore
6507,Wild Flower,The Cult,metalcore
6493,Into the Now,Tesla,metalcore
6301,Suicide Solution,Ozzy Osbourne,metalcore
6268,The Phantom Of The Opera,Nightwish,metalcore
5858,Devoured by Vermin,Cannibal Corpse,metalcore
6496,Into the Pit,Testament,metalcore
6315,5 Minutes Alone,Pantera,metalcore
5972,The Last Act of Defiance,Exodus,metalcore
6369,Primo Victoria,Sabaton,metalcore
5944,Dawn Over A New World,DragonForce,metalcore
6058,Eagle Fly Free - 2024 Remaster,Helloween,metalcore
5863,Cherry Orchards,Celtic Frost,metalcore
5757,Got The Time,Anthrax,metalcore
6468,I Saw Your Mommy...,Suicidal Tendencies,metalcore
5741,The Pursuit Of Vikings,Amon Amarth,metalcore
6384,When the Crowds Are Gone,Savatage,metalcore
6603,Super Charger Heaven,White Zombie,metalcore
5755,Indians,Anthrax,metalcore
6510,Edie (Ciao Baby),The Cult,metalcore
6472,You Can't Bring Me Down,Suicidal Tendencies,metalcore
6614,Black Star,Yngwie Malmsteen,metalcore
6477,Prison Song,System Of A Down,metalcore
5996,Burn It Down,Five Finger Death Punch,metalcore
6075,Hallowed Be Thy Name,Iron Maiden,metalcore
5801,In This River,Black Label Society,metalcore
6498,Practice What You Preach,Testament,metalcore
5958,Sinner,Drowning Pool,metalcore
6390,Heavy Metal Thunder (2009 Remaster),Saxon,metalcore
6233,Too Fast for Love,Motley Crue,metalcore
6407,Beneath the Remains,Sepultura,metalcore
5712,Fast as a Shark,Accept,metalcore
5914,We Rock,Dio,metalcore
6422,Simple Man - Rock Version,Shinedown,metalcore
6339,Man On The Silver Mountain,Rainbow,metalcore
6320,Take Hold Of The Flame,Queensryche,metalcore
6523,Scent of Dark,Tony Iommi,metalcore
6587,Fallen,Volbeat,metalcore
5745,The Berserker at Stamford Bridge,Amon Amarth,metalcore
6495,Disciples of the Watch,Testament,metalcore
6537,Like Light to the Flies,Trivium,metalcore
6034,Sweet Child O' Mine,Guns N' Roses,metalcore
5893,Smoke on the Water,Deep Purple,metalcore
6418,Bully,Shinedown,metalcore
5970,Blacklist,Exodus,metalcore
6146,Ten Ton Hammer,Machine Head,metalcore
6474,Suite-Pee,System Of A Down,metalcore
5709,The Outsider,A Perfect Circle,metalcore
6282,Deliverance,Opeth,metalcore
6071,I Am Above,In Flames,metalcore
6590,Blind In Texas,W.A.S.P.,metalcore
5752,Belly Of The Beast,Anthrax,metalcore
6363,Demon Speeding,Rob Zombie,metalcore
5976,Midlife Crisis,Faith No More,metalcore
6564,Eruption,Van Halen,metalcore
6014,Bad Religion,Godsmack,metalcore
6007,Year Zero,Ghost,metalcore
6317,Revolution Is My Name,Pantera,metalcore
5809,War Pigs / Luke's Wall,Black Sabbath,metalcore
6579,Possessed,Venom,metalcore
6224,Hybrid Moments - C.I. Recording 1978,Misfits,metalcore
6023,The Heaviest Matter of the Universe,Gojira,metalcore
6087,Breaking the Law,Judas Priest,metalcore
5821,The Bard's Song - In the Forest - Remastered 2007,Blind Guardian,metalcore
6161,Warriors of the World United,Manowar,metalcore
5769,My Apocalypse,Arch Enemy,metalcore
6066,The Quiet Place,In Flames,metalcore
5707,Pet,A Perfect Circle,metalcore
6164,The Beautiful People,Marilyn Manson,metalcore
5720,Ballad of Dwight Fry,Alice Cooper,metalcore
5879,Bodom After Midnight,Children Of Bodom,metalcore
6077,The Number of the Beast,Iron Maiden,metalcore
5960,Soldiers,Drowning Pool,metalcore
6392,Wheels of Steel (1997 - Remaster),Saxon,metalcore
6424,Cut the Cord,Shinedown,metalcore
6185,Tornado Of Souls,Megadeth,metalcore
6536,Pull Harder on the Strings of Your Martyr,Trivium,metalcore
6352,You're in Love,Ratt,metalcore
6121,Love Gun,Kiss,metalcore
6618,Trilogy Suite Op: 5,Yngwie Malmsteen,metalcore
6220,One,Metallica,metalcore
5810,Wasp / Behind the Wall of Sleep / Bassically / N.I.B.,Black Sabbath,metalcore
6195,Melissa,Mercyful Fate,metalcore
5940,Through the Fire and Flames,DragonForce,metalcore
5793,Satan's Sword (I Have Become) (Live),Behemoth,metalcore
6505,Spiritwalker,The Cult,metalcore
6319,Queen Of The Reich - Remastered 2003,Queensryche,metalcore
5866,The Usurper,Celtic Frost,metalcore
5881,Twist Of Cain,Danzig,metalcore
6520,Dancing In The Moonlight (It's Caught Me In It's Spotlight),Thin Lizzy,metalcore
6439,Spit It Out,Slipknot,metalcore
6447,Bother,Stone Sour,metalcore
5918,Stupify,Disturbed,metalcore
5830,I Love the Night,Blue Oyster Cult,metalcore
6393,Princess of the Night,Saxon,metalcore
6079,The Trooper,Iron Maiden,metalcore
6611,Still of the Night - 2018 Remaster,Whitesnake,metalcore
6188,A Tout Le Monde - Remastered 2004,Megadeth,metalcore
6387,The Wake of Magellan,Savatage,metalcore
6104,In Due Time,Killswitch Engage,metalcore
6263,Expect No Mercy,Nazareth,metalcore
6469,Pledge Your Allegiance,Suicidal Tendencies,metalcore
5788,Conquer All,Behemoth,metalcore
6169,Tainted Love,Marilyn Manson,metalcore
6555,Rock Bottom - 2007 Remaster,UFO,metalcore
6455,Creep,Stone Temple Pilots,metalcore
5959,Tear Away,Drowning Pool,metalcore
6328,Jet City Woman,Queensryche,metalcore
6502,Low,Testament,metalcore
5942,The Last Journey Home,DragonForce,metalcore
6289,Rotten to the Core,Overkill,metalcore
5827,(Don't Fear) The Reaper,Blue Oyster Cult,metalcore
5734,Them Bones (2022 Remaster),Alice In Chains,metalcore
6410,Territory,Sepultura,metalcore
6053,Rock and Roll Angel,Heaven & Hell,metalcore
5883,Her Black Wings,Danzig,metalcore
6574,Black Metal,Venom,metalcore
6095,Painkiller,Judas Priest,metalcore
6143,Contractor,Lamb of God,metalcore
6082,Powerslave,Iron Maiden,metalcore
6216,Fade To Black,Metallica,metalcore
5798,Crazy Horse,Black Label Society,metalcore
6020,Under Your Scars,Godsmack,metalcore
5924,Indestructible,Disturbed,metalcore
6512,Sweet Soul Sister,The Cult,metalcore
6394,Power and the Glory - 1999 Remaster,Saxon,metalcore
5836,Dive! Dive! Dive!,Bruce Dickinson,metalcore
6542,Until the World Goes Cold,Trivium,metalcore
6232,Live Wire,Motley Crue,metalcore
5743,Runes To My Memory,Amon Amarth,metalcore
6072,Dead End,In Flames,metalcore
6558,Love to Love - 2008 Remaster,UFO,metalcore
6036,Patience,Guns N' Roses,metalcore
6194,Into the Coven,Mercyful Fate,metalcore
6314,Walk,Pantera,metalcore
6461,Lady Picture Show,Stone Temple Pilots,metalcore
6337,Cum On Feel the Noize - Re-Recorded,Quiet Riot,metalcore
6117,Detroit Rock City - 2012 Remix,Kiss,metalcore
5975,A Small Victory,Faith No More,metalcore
6335,Party All Night,Quiet Riot,metalcore
5710,I'm A Rebel,Accept,metalcore
6173,Colony of Birchmen,Mastodon,metalcore
6608,Crying in the Rain - 1987 Version; 2018 Remaster,Whitesnake,metalcore
6215,Creeping Death,Metallica,metalcore
6597,Black Sunshine,White Zombie,metalcore
5898,Foolin',Def Leppard,metalcore
5947,Pull Me Under,Dream Theater,metalcore
6594,Chainsaw Charlie(Murders In The New Morgue),W.A.S.P.,metalcore
6400,Blackout,Scorpions,metalcore
6258,Broken Down Angel,Nazareth,metalcore
6089,Electric Eye,Judas Priest,metalcore
5913,The Last in Line,Dio,metalcore
5868,Circle of the Tyrants,Celtic Frost,metalcore
6288,Powersurge,Overkill,metalcore
5850,The Last Fight,Bullet For My Valentine,metalcore
6061,Forever and One (Neverland),Helloween,metalcore
6546,You Can't Stop Rock 'N' Roll,Twisted Sister,metalcore
5872,Sixpounder,Children Of Bodom,metalcore
5815,Heaven and Hell - 2008 Remaster,Black Sabbath,metalcore
6073,Phantom of the Opera,Iron Maiden,metalcore
6449,30/30-150,Stone Sour,metalcore
6548,I Wanna Rock,Twisted Sister,metalcore
6207,Metal Church,Metal Church,metalcore
6408,Kaiowas,Sepultura,metalcore
6451,Through Glass,Stone Sour,metalcore
6612,Fool for Your Loving - 2019 Remaster,Whitesnake,metalcore
6373,Carolus Rex - English Version,Sabaton,metalcore
6120,Christine Sixteen,Kiss,metalcore
5753,Caught In A Mosh,Anthrax,metalcore
5814,Heaven and Hell,Black Sabbath,metalcore
5762,Bittersweet,Apocalyptica,metalcore
6074,Fear of the Dark,Iron Maiden,metalcore
5864,Dethroned Emperor,Celtic Frost,metalcore
6273,Amaranth,Nightwish,metalcore
6128,Coma of Souls,Kreator,metalcore
6549,S.M.F.,Twisted Sister,metalcore
6599,"Electric Head,Part 2 (The Ecstasy)",White Zombie,metalcore
5790,Ov Fire And The Void,Behemoth,metalcore
6376,To Hell and Back,Sabaton,metalcore
6356,Dance,Ratt,metalcore
5804,Black Sabbath,Black Sabbath,metalcore
6362,Superbeast,Rob Zombie,metalcore
5984,Edgecrusher,Fear Factory,metalcore
6341,Long Live Rock N Roll,Rainbow,metalcore
6479,Spiders,System Of A Down,metalcore
6517,Emerald - Alternate Version,Thin Lizzy,metalcore
5951,Scene Seven: I. The Dance of Eternity,Dream Theater,metalcore
6086,Hell Bent for Leather,Judas Priest,metalcore
6214,Seek & Destroy,Metallica,metalcore
5909,Holy Diver,Dio,metalcore
5826,The Red & the Black,Blue Oyster Cult,metalcore
5886,Mother,Danzig,metalcore
6531,Jambi,TOOL,metalcore
6303,Over the Mountain,Ozzy Osbourne,metalcore
5817,Majesty - Remastered 2017,Blind Guardian,metalcore
6399,The Zoo,Scorpions,metalcore
5994,Lift Me Up,Five Finger Death Punch,metalcore
5851,Butchered at Birth,Cannibal Corpse,metalcore
6389,747 (Strangers In the Night) (1997 - Remaster),Saxon,metalcore
5833,E.T.I. (Extraterrestrial Intelligence) - Remastered,Blue Oyster Cult,metalcore
6200,Rational Gaze,Meshuggah,metalcore
5974,Epic,Faith No More,metalcore
6152,Locust,Machine Head,metalcore
6013,Awake,Godsmack,metalcore
6534,Strife,Trivium,metalcore
5848,Waking the Demon,Bullet For My Valentine,metalcore
5742,Guardians Of Asgaard,Amon Amarth,metalcore
6446,Sulfur,Slipknot,metalcore
5901,Too Late For Love,Def Leppard,metalcore
5705,Counting Bodies Like Sheep To The Rhythm Of The War Drums,A Perfect Circle,metalcore
6126,Terrible Certainty,Kreator,metalcore
5731,Angry Chair (2022 Remaster),Alice In Chains,metalcore
5885,How The Gods Kill,Danzig,metalcore
6621,Facing The Animal,Yngwie Malmsteen,metalcore
6584,Cape Of Our Hero,Volbeat,metalcore
6434,Piece of Me,Skid Row,metalcore
6150,Imperium,Machine Head,metalcore
6204,Demiurge,Meshuggah,metalcore
5722,I'm Eighteen,Alice Cooper,metalcore
6530,Schism,TOOL,metalcore
6116,Beth - 2012 Remix,Kiss,metalcore
6561,Shoot Shoot - 2007 Remaster,UFO,metalcore
5929,Alone Again,Dokken,metalcore
5964,Bonded by Blood,Exodus,metalcore
6021,Flying Whales,Gojira,metalcore
6124,Flag of Hate,Kreator,metalcore
6060,Rise and Fall - 2024 Remaster,Helloween,metalcore
5803,Lost Heaven,Black Label Society,metalcore
5751,Among The Living,Anthrax,metalcore
6484,Little Suzi,Tesla,metalcore
5794,The Satanist,Behemoth,metalcore
6326,Empire,Queensryche,metalcore
5998,Wrong Side of Heaven,Five Finger Death Punch,metalcore
5928,Kiss Of Death,Dokken,metalcore
6118,God Of Thunder - 2012 Remix,Kiss,metalcore
6438,Left Behind,Slipknot,metalcore
6142,Ghost Walking,Lamb of God,metalcore
6002,Absolution,Ghost,metalcore
6202,Stengah,Meshuggah,metalcore
6217,For Whom The Bell Tolls,Metallica,metalcore
6302,Flying High Again,Ozzy Osbourne,metalcore
6415,Sepulnation,Sepultura,metalcore
6460,Vasoline,Stone Temple Pilots,metalcore
5777,Bat Country,Avenged Sevenfold,metalcore
6033,Rocket Queen,Guns N' Roses,metalcore
6085,Beyond the Realms of Death,Judas Priest,metalcore
6272,Wish I Had an Angel,Nightwish,metalcore
5857,Make Them Suffer,Cannibal Corpse,metalcore
6266,Elvenpath - Remastered,Nightwish,metalcore
6219,Master Of Puppets,Metallica,metalcore
6056,A Tale That Wasn't Right - 2024 Remaster,Helloween,metalcore
6238,Dr. Feelgood,Motley Crue,metalcore
6137,Omerta,Lamb of God,metalcore
6430,Youth Gone Wild,Skid Row,metalcore
6275,Storytime,Nightwish,metalcore
5931,It’s Not Love (Re-Recorded / Remastered),Dokken,metalcore
6368,"Foxy,Foxy",Rob Zombie,metalcore
6203,The Demon's Name Is Surveillance,Meshuggah,metalcore
6180,In My Darkest Hour - Remastered 2004,Megadeth,metalcore
6244,Overkill,Motörhead,metalcore
6366,"Never Gonna Stop (The Red,Red Kroovy)",Rob Zombie,metalcore
5877,In Your Face,Children Of Bodom,metalcore
5882,Am I Demon,Danzig,metalcore
6051,Bible Black,Heaven & Hell,metalcore
6212,Badlands,Metal Church,metalcore
6592,Scream Until You Like It - Live,W.A.S.P.,metalcore
6508,Lil' Devil,The Cult,metalcore
6526,Stinkfist,TOOL,metalcore
6267,Sleeping Sun,Nightwish,metalcore
5797,Concrete Jungle,Black Label Society,metalcore
6158,Sign Of The Hammer,Manowar,metalcore
6175,Crack the Skye,Mastodon,metalcore
5985,Replica,Fear Factory,metalcore
6297,Wrecking Crew,Overkill,metalcore
6076,Run to the Hills,Iron Maiden,metalcore
6134,Hourglass,Lamb of God,metalcore
6192,Curse of the Pharaohs,Mercyful Fate,metalcore
6307,No More Tears,Ozzy Osbourne,metalcore
6098,Holy Diver,Killswitch Engage,metalcore
6092,Turbo Lover - Remastered,Judas Priest,metalcore
6196,Nuns Have No Fun,Mercyful Fate,metalcore
6159,Hail and Kill,Manowar,metalcore
6601,Feed The Gods,White Zombie,metalcore
6346,All Night Long,Rainbow,metalcore
5767,We Will Rise,Arch Enemy,metalcore
5718,Dark Side of My Heart,Accept,metalcore
6487,Heaven's Trail (No Way Out),Tesla,metalcore
6221,Enter Sandman,Metallica,metalcore
6271,Planet Hell,Nightwish,metalcore
6144,Hallowed Be Thy Name,Machine Head,metalcore
6248,Orgasmatron,Motörhead,metalcore
6096,Painkiller,Judas Priest,metalcore
5716,Metal Heart,Accept,metalcore
6129,Violent Revolution,Kreator,metalcore
6243,Damage Case,Motörhead,metalcore
6276,Demon Of The Fall,Opeth,metalcore
6197,The Oath,Mercyful Fate,metalcore
6519,The Boys Are Back In Town,Thin Lizzy,metalcore
6269,Ghost Love Score,Nightwish,metalcore
6375,The Final Solution,Sabaton,metalcore
6093,Turbo Lover - Remastered,Judas Priest,metalcore
6462,Trippin' on a Hole in a Paper Heart,Stone Temple Pilots,metalcore
6041,Made In Hell,Halford,metalcore
5806,Jack the Stripper / Fairies Wear Boots,Black Sabbath,metalcore
6160,Kings of Metal,Manowar,metalcore
5782,Scream,Avenged Sevenfold,metalcore
5845,Alone,Bullet For My Valentine,metalcore
5950,Scene Four: Beyond This Life,Dream Theater,metalcore
6516,Cowboy Song,Thin Lizzy,metalcore
6585,For Evigt,Volbeat,metalcore
6130,Enemy of God,Kreator,metalcore
6133,Phantom Antichrist,Kreator,metalcore
6521,My Sarah,Thin Lizzy,metalcore
5953,In the Name of God,Dream Theater,metalcore
6595,Heaven's Hung in Black,W.A.S.P.,metalcore
6237,Wild Side,Motley Crue,metalcore
6099,Rose of Sharyn,Killswitch Engage,metalcore
6501,Electric Crown,Testament,metalcore
6306,"Mama,I'm Coming Home",Ozzy Osbourne,metalcore
6456,Dead & Bloated - 2017 Remaster,Stone Temple Pilots,metalcore
6291,Coma,Overkill,metalcore
6604,Here I Go Again,Whitesnake,metalcore
6350,Lay It Down,Ratt,metalcore
6557,Lights Out - 2008 Remaster,UFO,metalcore
5727,Billion Dollar Babies - Live in Columbus,Alice Cooper,metalcore
6191,Black Funeral,Mercyful Fate,metalcore
6436,The Threat,Skid Row,metalcore
6421,Second Chance,Shinedown,metalcore
6157,Carry On,Manowar,metalcore
6042,Resurrection,Halford,metalcore
5927,Breaking The Chains,Dokken,metalcore
6382,Power of the Night,Savatage,metalcore
5890,Child in Time,Deep Purple,metalcore
6556,Cherry - 2008 Remaster,UFO,metalcore
5978,Falling to Pieces,Faith No More,metalcore
6504,She Sells Sanctuary,The Cult,metalcore
6588,The Devil's Bleeding Crown,Volbeat,metalcore
5865,Procreation (Of the Wicked),Celtic Frost,metalcore
6331,Slick Black Cadillac,Quiet Riot,metalcore
6211,The Dark,Metal Church,metalcore
5700,3 Libras,A Perfect Circle,metalcore
6277,The Moor (Remastered),Opeth,metalcore
6570,Jump,Van Halen,metalcore
6589,I Wanna Be Somebody,W.A.S.P.,metalcore
6298,Ironbound,Overkill,metalcore
6617,Dreaming (Tell Me),Yngwie Malmsteen,metalcore
6316,I'm Broken,Pantera,metalcore
6057,Dr. Stein - 2024 Remaster,Helloween,metalcore
6491,Edison's Medicine,Tesla,metalcore
6063,Cloud Connected,In Flames,metalcore
6348,Round and Round,Ratt,metalcore
6409,Refuse / Resist,Sepultura,metalcore
5982,From Out of Nowhere,Faith No More,metalcore
5775,War Eternal,Arch Enemy,metalcore
6463,Sour Girl,Stone Temple Pilots,metalcore
6260,Changin' Times,Nazareth,metalcore
6423,Sound of Madness,Shinedown,metalcore
6427,18 and Life,Skid Row,metalcore
5923,Voices,Disturbed,metalcore
6050,Atom and Evil,Heaven & Hell,metalcore
6426,Planet Zero,Shinedown,metalcore
6569,I'll Wait,Van Halen,metalcore
6062,If I Could Fly,Helloween,metalcore
5829,Tattoo Vampire,Blue Oyster Cult,metalcore
5761,Nothing Else Matters,Apocalyptica,metalcore
6208,Watch the Children Pray,Metal Church,metalcore
6374,No Bullets Fly,Sabaton,metalcore
6465,Join The Army,Suicidal Tendencies,metalcore
6453,Say You'll Haunt Me,Stone Sour,metalcore
5703,Rose,A Perfect Circle,metalcore
6568,Hot for Teacher,Van Halen,metalcore
6571,Panama,Van Halen,metalcore
6131,Hordes of Chaos (A Necrologue for the Elite),Kreator,metalcore
6308,I Don't Wanna Stop - Live,Ozzy Osbourne,metalcore
6044,Crucible (Remastered),Halford,metalcore
5736,No Excuses,Alice In Chains,metalcore
6253,Dig,Mudvayne,metalcore
5828,Sinful Love,Blue Oyster Cult,metalcore
5908,Don't Talk to Strangers,Dio,metalcore
6613,The Deeper the Love - 2019 Remaster,Whitesnake,metalcore
6470,Possessed To Skate,Suicidal Tendencies,metalcore
5702,By And Down The River,A Perfect Circle,metalcore
5973,We Care a Lot,Faith No More,metalcore
6347,Street Of Dreams,Rainbow,metalcore
5873,Everytime I Die,Children Of Bodom,metalcore
6165,I Don't Like The Drugs (But The Drugs Like Me),Marilyn Manson,metalcore
6163,Lunchbox,Marilyn Manson,metalcore
6552,We're Not Gonna Take It,Twisted Sister,metalcore
6593,Mean Man,W.A.S.P.,metalcore
6602,More Human Than Human,White Zombie,metalcore
6155,Blood of the Kings,Manowar,metalcore
5800,Stillborn,Black Label Society,metalcore
6473,Cyco Vision,Suicidal Tendencies,metalcore
5729,Under My Wheels - Live in Columbus,Alice Cooper,metalcore
6193,Evil,Mercyful Fate,metalcore
6281,The Drapery Falls,Opeth,metalcore
6615,Heaven Tonight,Yngwie Malmsteen,metalcore
6338,Sign of the Times - Re-Recorded,Quiet Riot,metalcore
6405,Send Me An Angel,Scorpions,metalcore
6509,Love Removal Machine,The Cult,metalcore
5854,Hammer Smashed Face,Cannibal Corpse,metalcore
6541,In Waves,Trivium,metalcore
6265,This Flight Tonight - 1991 Version,Nazareth,metalcore
5884,Dirty Black Summer,Danzig,metalcore
6600,Thunder Kiss '65,White Zombie,metalcore
6466,War Inside My Head,Suicidal Tendencies,metalcore
5732,Down In A Hole (2022 Remaster),Alice In Chains,metalcore
5778,Seize the Day,Avenged Sevenfold,metalcore
5966,Fabulous Disaster,Exodus,metalcore
6533,Vicarious,TOOL,metalcore
6489,Signs - Live At The Trocadero / 1990,Tesla,metalcore
6464,Institutionalized,Suicidal Tendencies,metalcore
5844,4 Words (To Choke Upon),Bullet For My Valentine,metalcore
6378,The Last Stand,Sabaton,metalcore
6416,Slave New World,Sepultura,metalcore
6186,Sweating Bullets,Megadeth,metalcore
6231,She - Reel Platinum 1985,Misfits,metalcore
6435,Slave to the Grind,Skid Row,metalcore
6290,Hello from the Gutter,Overkill,metalcore
6008,Square Hammer,Ghost,metalcore
5899,Photograph,Def Leppard,metalcore
6083,Wasted Years,Iron Maiden,metalcore
6486,Hang Tough,Tesla,metalcore
5744,Twilight Of The Thunder God,Amon Amarth,metalcore
5961,Step Up,Drowning Pool,metalcore
6256,Silenced,Mudvayne,metalcore
6201,Bleed,Meshuggah,metalcore
5781,Almost Easy,Avenged Sevenfold,metalcore
6241,Shout At The Devil '97,Motley Crue,metalcore
5862,Morbid Tales,Celtic Frost,metalcore
5871,Are You Dead Yet?,Children Of Bodom,metalcore
6171,March of the Fire Ants,Mastodon,metalcore
6139,Walk with Me In Hell,Lamb of God,metalcore
5875,Downfall,Children Of Bodom,metalcore
6184,Holy Wars...The Punishment Due,Megadeth,metalcore
6100,The End of Heartache,Killswitch Engage,metalcore
5930,Burning Like A Flame,Dokken,metalcore
6355,Body Talk,Ratt,metalcore
5969,War Is My Shepherd,Exodus,metalcore
5916,Rock 'n' Roll Children - 2016 Remaster,Dio,metalcore
5768,Dead Eyes See No Future,Arch Enemy,metalcore
6385,Believe,Savatage,metalcore
5740,Death in Fire,Amon Amarth,metalcore
5717,Midnight Mover,Accept,metalcore
6442,Duality,Slipknot,metalcore
6026,L'enfant sauvage,Gojira,metalcore
6067,Trigger,In Flames,metalcore
6322,Operation Mindcrime,Queensryche,metalcore
6274,Over The Hills And Far Away,Nightwish,metalcore
6420,If You Only Knew,Shinedown,metalcore
6105,Hate by Design,Killswitch Engage,metalcore
6432,In a Darkened Room,Skid Row,metalcore
6027,Stranded,Gojira,metalcore
5981,Last Cup of Sorrow - 2016 Remaster,Faith No More,metalcore
6123,Heaven's On Fire,Kiss,metalcore
5701,Judith,A Perfect Circle,metalcore
6340,Stargazer,Rainbow,metalcore
5956,Feel Like I Do,Drowning Pool,metalcore
5979,King for a Day,Faith No More,metalcore
6294,Horrorscope,Overkill,metalcore
6005,He Is,Ghost,metalcore
6578,Countess Bathory,Venom,metalcore
6257,Bad Bad Boy,Nazareth,metalcore
6359,More Human Than Human - Live,Rob Zombie,metalcore
5949,Scene Eight: The Spirit Carries On,Dream Theater,metalcore
6370,40:1,Sabaton,metalcore
6494,Over the Wall,Testament,metalcore
6332,Thunderbird,Quiet Riot,metalcore
6148,From This Day,Machine Head,metalcore
6170,This Is The New S**t,Marilyn Manson,metalcore
6525,Ænema,TOOL,metalcore
6333,Condition Critical,Quiet Riot,metalcore
5870,Follow The Reaper,Children Of Bodom,metalcore
6428,I Remember You,Skid Row,metalcore
6182,Wake Up Dead - 2004 Remaster,Megadeth,metalcore
5840,Accident of Birth - 2001 Remaster,Bruce Dickinson,metalcore
5986,Shock,Fear Factory,metalcore
6039,November Rain,Guns N' Roses,metalcore
6444,Psychosocial,Slipknot,metalcore
5993,Far From Home,Five Finger Death Punch,metalcore
5784,Nightmare,Avenged Sevenfold,metalcore
6029,Silvera,Gojira,metalcore
5759,Only,Anthrax,metalcore
6017,Straight Out Of Line,Godsmack,metalcore
6522,Deified,Tony Iommi,metalcore
5837,Tattooed Millionaire,Bruce Dickinson,metalcore
6119,Shout It Out Loud - 2012 Remix,Kiss,metalcore
5802,Suicide Messiah,Black Label Society,metalcore
6412,Inner Self,Sepultura,metalcore
6577,Witching Hour,Venom,metalcore
6391,Strong Arm of the Law (2009 Remaster),Saxon,metalcore
6102,My Curse,Killswitch Engage,metalcore
5896,Stormbringer,Deep Purple,metalcore
6156,Brothers Of Metal (Part 1),Manowar,metalcore
5874,Angels Don't Kill - Live in London,Children Of Bodom,metalcore
6235,Home Sweet Home,Motley Crue,metalcore
6396,And the Bands Played on,Saxon,metalcore
6336,The Wild And The Young,Quiet Riot,metalcore
6318,This Love,Pantera,metalcore
6311,Cemetery Gates,Pantera,metalcore
6413,Ratamahatta,Sepultura,metalcore
6064,Only for the Weak,In Flames,metalcore
5739,Heaven Beside You,Alice In Chains,metalcore
5911,Stand Up and Shout,Dio,metalcore
6091,You've Got Another Thing Coming,Judas Priest,metalcore
6524,Sober,TOOL,metalcore
6305,Shot in the Dark,Ozzy Osbourne,metalcore
6024,Toxic garbage island,Gojira,metalcore
6009,Dance Macabre,Ghost,metalcore
6037,Civil War,Guns N' Roses,metalcore
6279,Bleak,Opeth,metalcore
5772,As the Pages Burn,Arch Enemy,metalcore
6012,Voodoo,Godsmack,metalcore
6181,Peace Sells,Megadeth,metalcore
6240,Same Ol' Situation (S.O.S.),Motley Crue,metalcore
6377,Bismarck,Sabaton,metalcore
6065,Take This Life,In Flames,metalcore
5792,Blow Your Trumpets Gabriel,Behemoth,metalcore
5843,Tears Don't Fall,Bullet For My Valentine,metalcore
5822,Imaginations from the Other Side - Remastered 2007,Blind Guardian,metalcore
6183,Hangar 18,Megadeth,metalcore
5738,Again,Alice In Chains,metalcore
6492,The Way It Is,Tesla,metalcore
6327,Empire,Queensryche,metalcore
5963,A Lesson in Violence,Exodus,metalcore
5764,Path,Apocalyptica,metalcore
6619,"You Don't Remember,I'll Never Forget",Yngwie Malmsteen,metalcore
5992,House of the Rising Sun,Five Finger Death Punch,metalcore
5859,Evisceration Plague,Cannibal Corpse,metalcore
6264,Holiday,Nazareth,metalcore
6383,Gutter Ballet,Savatage,metalcore
6540,Betrayer,Trivium,metalcore
6312,Domination,Pantera,metalcore
6395,Crusader,Saxon,metalcore
6367,The Devil's Rejects,Rob Zombie,metalcore
6251,Not Falling,Mudvayne,metalcore
6132,Betrayer,Kreator,metalcore
5787,Demigod,Behemoth,metalcore
6419,GET UP,Shinedown,metalcore
5771,The World Is Yours,Arch Enemy,metalcore
6620,Far Beyond The Sun,Yngwie Malmsteen,metalcore
6573,Welcome to Hell,Venom,metalcore
5971,Blood in Blood Out,Exodus,metalcore
6605,Love Ain't No Stranger,Whitesnake,metalcore
6213,The Human Factor,Metal Church,metalcore
5841,Chemical Wedding - 2001 Remaster,Bruce Dickinson,metalcore
5774,The Day You Died,Arch Enemy,metalcore
6004,From The Pinnacle To The Pit,Ghost,metalcore
5838,The Tower - 2001 Remaster,Bruce Dickinson,metalcore
6122,I Was Made For Lovin' You,Kiss,metalcore
6330,Metal Health (Bang Your Head),Quiet Riot,metalcore
5766,Ravenous,Arch Enemy,metalcore
6560,Too Hot to Handle - 2008 Remaster,UFO,metalcore
6324,The Needle Lies,Queensryche,metalcore
6154,Battle Hymn,Manowar,metalcore
6349,Back for More,Ratt,metalcore
6015,I Stand Alone,Godsmack,metalcore
6417,45,Shinedown,metalcore
6088,Rapid Fire,Judas Priest,metalcore
6293,The Years of Decay,Overkill,metalcore
6114,Cold Gin,Kiss,metalcore
6358,Light Comes Out Of Black,Rob Halford,metalcore
5894,Space Truckin',Deep Purple,metalcore
6218,Battery,Metallica,metalcore
6055,Halloween - 2024 Remaster,Helloween,metalcore
6080,2 Minutes to Midnight,Iron Maiden,metalcore
6515,Rosalie,Thin Lizzy,metalcore
6019,Cryin' Like A Bitch!!,Godsmack,metalcore
5835,Darkside of Aquarius - 2001 Remaster,Bruce Dickinson,metalcore
5920,Warrior,Disturbed,metalcore
5713,Restless and Wild,Accept,metalcore
6285,Windowpane,Opeth,metalcore
6199,New Millennium Cyanide Christ,Meshuggah,metalcore
5869,Visual Aggression,Celtic Frost,metalcore
6506,The Witch - Edit,The Cult,metalcore
6239,Kickstart My Heart,Motley Crue,metalcore
5723,School's Out,Alice Cooper,metalcore
6499,The Preacher,Testament,metalcore
6553,Leader of the Pack,Twisted Sister,metalcore
6406,Wind Of Change,Scorpions,metalcore
6459,Interstate Love Song,Stone Temple Pilots,metalcore
6527,Forty Six & 2,TOOL,metalcore
5946,Another Day,Dream Theater,metalcore
6425,How Did You Love,Shinedown,metalcore
6559,Space Child - 2007 Remaster,UFO,metalcore
6295,Deny the Cross,Overkill,metalcore
6011,Keep Away,Godsmack,metalcore
6528,Lateralus,TOOL,metalcore
5721,Halo of Flies,Alice Cooper,metalcore
6381,Hall of the Mountain King,Savatage,metalcore
5789,Slaves Shall Serve,Behemoth,metalcore
5807,Paranoid,Black Sabbath,metalcore
6032,Paradise City,Guns N' Roses,metalcore
5813,Sabbath Bloody Sabbath,Black Sabbath,metalcore
6038,Estranged,Guns N' Roses,metalcore
5715,Starlight,Accept,metalcore
6441,Before I Forget,Slipknot,metalcore
5749,The Way of Vikings,Amon Amarth,metalcore
5935,Dream Warriors,Dokken,metalcore
5750,Madhouse,Anthrax,metalcore
6048,The Devil Cried - Live from Radio City Music Hall,Heaven & Hell,metalcore
6565,Runnin' with the Devil,Van Halen,metalcore
5907,Let's Get Rocked,Def Leppard,metalcore
6580,Prime Evil,Venom,metalcore
6445,Snuff,Slipknot,metalcore
6242,Bomber,Motörhead,metalcore
5897,Perfect Strangers,Deep Purple,metalcore
6511,Fire Woman,The Cult,metalcore
6153,Now We Die,Machine Head,metalcore
6404,Still Loving You,Scorpions,metalcore
6000,Wash It All Away,Five Finger Death Punch,metalcore
6550,Stay Hungry,Twisted Sister,metalcore
6513,Rain,The Cult,metalcore
5995,Under and Over It,Five Finger Death Punch,metalcore
6437,Wait and Bleed,Slipknot,metalcore
5849,Your Betrayal,Bullet For My Valentine,metalcore
5887,The Hunter,Danzig,metalcore
6151,Aesthetics Of Hate,Machine Head,metalcore
5957,Pity,Drowning Pool,metalcore
6554,Doctor Doctor - 2007 Remaster,UFO,metalcore
6607,Slow an' Easy,Whitesnake,metalcore
5922,Ten Thousand Fists,Disturbed,metalcore
6097,Fixation on the Darkness,Killswitch Engage,metalcore
5989,Cars - Remix,Fear Factory,metalcore
6280,Harvest,Opeth,metalcore
6485,Modern Day Cowboy,Tesla,metalcore
5719,Teutonic Terror,Accept,metalcore
6361,Living Dead Girl,Rob Zombie,metalcore
5747,Deceiver of the Gods,Amon Amarth,metalcore
6582,A Warrior's Call,Volbeat,metalcore
5999,The Bleeding,Five Finger Death Punch,metalcore
6567,Unchained,Van Halen,metalcore
5853,"Stripped,Raped,And Strangled",Cannibal Corpse,metalcore
6135,Laid to Rest,Lamb of God,metalcore
6411,Attitude,Sepultura,metalcore
6575,"Bloodlust (7"" Version)",Venom,metalcore
5932,The Hunter,Dokken,metalcore
5820,Lost in the Twilight Hall - Remastered 2007,Blind Guardian,metalcore
6345,Kill The King,Rainbow,metalcore
6364,Feel So Numb,Rob Zombie,metalcore
6543,The Heart from Your Hate,Trivium,metalcore
5725,Poison,Alice Cooper,metalcore
6001,SECULAR HAZE,Ghost,metalcore
6562,Only You Can Rock Me - 2008 Remaster,UFO,metalcore
6342,The Temple Of The King,Rainbow,metalcore
5988,Linchpin,Fear Factory,metalcore
6147,Blood for Blood,Machine Head,metalcore
6172,Blood and Thunder,Mastodon,metalcore
6236,"Girls,Girls,Girls",Motley Crue,metalcore
6068,The Mirror's Truth,In Flames,metalcore
6052,Fear,Heaven & Hell,metalcore
6250,Death Blooms,Mudvayne,metalcore
6109,Sleepless Nights,King Diamond,metalcore
6177,The Motherload,Mastodon,metalcore
6539,Shogun,Trivium,metalcore
5846,Hearts Burst into Fire,Bullet For My Valentine,metalcore
6035,Welcome To The Jungle,Guns N' Roses,metalcore
6149,Halo,Machine Head,metalcore
5945,"Metropolis - Part I: ""The Miracle and the Sleeper""",Dream Theater,metalcore
6136,Now You've Got Something to Die For - Live Album Version,Lamb of God,metalcore
6478,Science,System Of A Down,metalcore
6054,Power,Helloween,metalcore
6532,The Pot,TOOL,metalcore
5948,A Change of Seasons - The Crimson Sunrise,Dream Theater,metalcore
6398,Make It Real,Scorpions,metalcore
5880,She Rides,Danzig,metalcore
5952,As I Am,Dream Theater,metalcore
5892,Lazy,Deep Purple,metalcore
6249,(We Are) The Road Crew (Live at Hammersmith),Motörhead,metalcore
5776,Unholy Confessions,Avenged Sevenfold,metalcore
6310,A New Level,Pantera,metalcore
6300,Mr. Crowley,Ozzy Osbourne,metalcore
6535,A Gunshot to the Head of Trepidation,Trivium,metalcore
5867,A Dying God Coming into Human Flesh,Celtic Frost,metalcore
6386,Edge of Thorns,Savatage,metalcore
6176,Oblivion,Mastodon,metalcore
6458,Big Empty,Stone Temple Pilots,metalcore
5839,Tears of the Dragon - 2001 Remaster,Bruce Dickinson,metalcore
6547,Burn in Hell,Twisted Sister,metalcore
5831,Burnin' for You,Blue Oyster Cult,metalcore
5904,Hysteria,Def Leppard,metalcore
6576,"In League with Satan (7"" Version)",Venom,metalcore
6270,Nemo,Nightwish,metalcore
6583,Lola Montez,Volbeat,metalcore
6189,Trust,Megadeth,metalcore
5954,Panic Attack,Dream Theater,metalcore
6357,War of Words,Rob Halford,metalcore
6529,Parabola,TOOL,metalcore
5706,Imagine,A Perfect Circle,metalcore
5941,Heroes of Our Time,DragonForce,metalcore
6081,Aces High,Iron Maiden,metalcore
6167,Rock Is Dead,Marilyn Manson,metalcore
6481,B.Y.O.B.,System Of A Down,metalcore
6343,Since You Been Gone,Rainbow,metalcore
5991,Bad Company,Five Finger Death Punch,metalcore
6090,The Hellion,Judas Priest,metalcore
6606,Slide It In,Whitesnake,metalcore
